PRAGMA foreign_keys=OFF;
BEGIN TRANSACTION;
CREATE TABLE IF NOT EXISTS "django_migrations" ("id" integer NOT NULL PRIMARY KEY AUTOINCREMENT, "app" varchar(255) NOT NULL, "name" varchar(255) NOT NULL, "applied" datetime NOT NULL);
INSERT INTO django_migrations VALUES(1,'contenttypes','0001_initial','2025-08-25 12:03:44.015586');
INSERT INTO django_migrations VALUES(2,'contenttypes','0002_remove_content_type_name','2025-08-25 12:03:44.036034');
INSERT INTO django_migrations VALUES(3,'auth','0001_initial','2025-08-25 12:03:44.064957');
INSERT INTO django_migrations VALUES(4,'auth','0002_alter_permission_name_max_length','2025-08-25 12:03:44.088509');
INSERT INTO django_migrations VALUES(5,'auth','0003_alter_user_email_max_length','2025-08-25 12:03:44.102042');
INSERT INTO django_migrations VALUES(6,'auth','0004_alter_user_username_opts','2025-08-25 12:03:44.112715');
INSERT INTO django_migrations VALUES(7,'auth','0005_alter_user_last_login_null','2025-08-25 12:03:44.125260');
INSERT INTO django_migrations VALUES(8,'auth','0006_require_contenttypes_0002','2025-08-25 12:03:44.131155');
INSERT INTO django_migrations VALUES(9,'auth','0007_alter_validators_add_error_messages','2025-08-25 12:03:44.238518');
INSERT INTO django_migrations VALUES(10,'auth','0008_alter_user_username_max_length','2025-08-25 12:03:44.259209');
INSERT INTO django_migrations VALUES(11,'auth','0009_alter_user_last_name_max_length','2025-08-25 12:03:44.282788');
INSERT INTO django_migrations VALUES(12,'auth','0010_alter_group_name_max_length','2025-08-25 12:03:44.306179');
INSERT INTO django_migrations VALUES(13,'auth','0011_update_proxy_permissions','2025-08-25 12:03:44.327464');
INSERT INTO django_migrations VALUES(14,'auth','0012_alter_user_first_name_max_length','2025-08-25 12:03:44.348456');
INSERT INTO django_migrations VALUES(15,'accounts','0001_initial','2025-08-25 12:03:44.377495');
INSERT INTO django_migrations VALUES(16,'accounts','0002_useraddress','2025-08-25 12:03:44.412820');
INSERT INTO django_migrations VALUES(17,'accounts','0003_alter_useraddress_address_line_and_more','2025-08-25 12:03:44.507754');
INSERT INTO django_migrations VALUES(18,'admin','0001_initial','2025-08-25 12:03:44.529224');
INSERT INTO django_migrations VALUES(19,'admin','0002_logentry_remove_auto_add','2025-08-25 12:03:44.568943');
INSERT INTO django_migrations VALUES(20,'admin','0003_logentry_add_action_flag_choices','2025-08-25 12:03:44.593380');
INSERT INTO django_migrations VALUES(21,'authtoken','0001_initial','2025-08-25 12:03:44.610419');
INSERT INTO django_migrations VALUES(22,'authtoken','0002_auto_20160226_1747','2025-08-25 12:03:44.666950');
INSERT INTO django_migrations VALUES(23,'authtoken','0003_tokenproxy','2025-08-25 12:03:44.673953');
INSERT INTO django_migrations VALUES(24,'authtoken','0004_alter_tokenproxy_options','2025-08-25 12:03:44.686562');
INSERT INTO django_migrations VALUES(25,'catalog','0001_initial','2025-08-25 12:03:44.746913');
INSERT INTO django_migrations VALUES(26,'cart','0001_initial','2025-08-25 12:03:44.815658');
INSERT INTO django_migrations VALUES(27,'catalog','0002_othercategory_product_other_category','2025-08-25 12:03:44.851163');
INSERT INTO django_migrations VALUES(28,'catalog','0003_productvariant_image','2025-08-25 12:03:44.868779');
INSERT INTO django_migrations VALUES(29,'catalog','0004_reviewimage_review_review_images','2025-08-25 12:03:44.930284');
INSERT INTO django_migrations VALUES(30,'catalog','0005_remove_review_review_images_reviewimage_review_and_more','2025-08-25 12:03:45.011605');
INSERT INTO django_migrations VALUES(31,'catalog','0006_alter_reviewimage_review','2025-08-25 12:03:45.055164');
INSERT INTO django_migrations VALUES(32,'orders','0001_initial','2025-08-25 12:03:45.157273');
INSERT INTO django_migrations VALUES(33,'orders','0002_order_address_alter_order_status_and_more','2025-08-25 12:03:45.235726');
INSERT INTO django_migrations VALUES(34,'orders','0003_alter_order_status','2025-08-25 12:03:45.265339');
INSERT INTO django_migrations VALUES(35,'sessions','0001_initial','2025-08-25 12:03:45.280247');
INSERT INTO django_migrations VALUES(36,'catalog','0007_alter_category_options_alter_othercategory_options_and_more','2025-08-25 13:34:40.621781');
INSERT INTO django_migrations VALUES(37,'accounts','0004_alter_user_options_alter_useraddress_options_and_more','2025-09-11 08:19:48.514104');
INSERT INTO django_migrations VALUES(38,'cart','0002_alter_cart_options_alter_cartitem_options_and_more','2025-09-11 08:19:48.722512');
INSERT INTO django_migrations VALUES(39,'orders','0004_alter_coupon_options_alter_order_options_and_more','2025-09-11 08:19:49.248651');
INSERT INTO django_migrations VALUES(40,'catalog','0008_collection_productcollection_product_collections','2025-09-15 08:45:01.074637');
INSERT INTO django_migrations VALUES(41,'django_celery_beat','0001_initial','2025-09-16 09:08:22.285982');
INSERT INTO django_migrations VALUES(42,'django_celery_beat','0002_auto_20161118_0346','2025-09-16 09:08:22.323570');
INSERT INTO django_migrations VALUES(43,'django_celery_beat','0003_auto_20161209_0049','2025-09-16 09:08:22.337606');
INSERT INTO django_migrations VALUES(44,'django_celery_beat','0004_auto_20170221_0000','2025-09-16 09:08:22.349686');
INSERT INTO django_migrations VALUES(45,'django_celery_beat','0005_add_solarschedule_events_choices','2025-09-16 09:08:22.365924');
INSERT INTO django_migrations VALUES(46,'django_celery_beat','0006_auto_20180322_0932','2025-09-16 09:08:22.464008');
INSERT INTO django_migrations VALUES(47,'django_celery_beat','0007_auto_20180521_0826','2025-09-16 09:08:22.493981');
INSERT INTO django_migrations VALUES(48,'django_celery_beat','0008_auto_20180914_1922','2025-09-16 09:08:22.556519');
INSERT INTO django_migrations VALUES(49,'django_celery_beat','0006_auto_20180210_1226','2025-09-16 09:08:22.583930');
INSERT INTO django_migrations VALUES(50,'django_celery_beat','0006_periodictask_priority','2025-09-16 09:08:22.603488');
INSERT INTO django_migrations VALUES(51,'django_celery_beat','0009_periodictask_headers','2025-09-16 09:08:22.632003');
INSERT INTO django_migrations VALUES(52,'django_celery_beat','0010_auto_20190429_0326','2025-09-16 09:08:22.939383');
INSERT INTO django_migrations VALUES(53,'django_celery_beat','0011_auto_20190508_0153','2025-09-16 09:08:23.041223');
INSERT INTO django_migrations VALUES(54,'django_celery_beat','0012_periodictask_expire_seconds','2025-09-16 09:08:23.061573');
INSERT INTO django_migrations VALUES(55,'django_celery_beat','0013_auto_20200609_0727','2025-09-16 09:08:23.087346');
INSERT INTO django_migrations VALUES(56,'django_celery_beat','0014_remove_clockedschedule_enabled','2025-09-16 09:08:23.119356');
INSERT INTO django_migrations VALUES(57,'django_celery_beat','0015_edit_solarschedule_events_choices','2025-09-16 09:08:23.133663');
INSERT INTO django_migrations VALUES(58,'django_celery_beat','0016_alter_crontabschedule_timezone','2025-09-16 09:08:23.170172');
INSERT INTO django_migrations VALUES(59,'django_celery_beat','0017_alter_crontabschedule_month_of_year','2025-09-16 09:08:23.189836');
INSERT INTO django_migrations VALUES(60,'django_celery_beat','0018_improve_crontab_helptext','2025-09-16 09:08:23.212494');
INSERT INTO django_migrations VALUES(61,'django_celery_beat','0019_alter_periodictasks_options','2025-09-16 09:08:23.261519');
INSERT INTO django_migrations VALUES(62,'account','0001_initial','2025-09-17 09:47:03.208039');
INSERT INTO django_migrations VALUES(63,'account','0002_email_max_length','2025-09-17 09:47:03.230060');
INSERT INTO django_migrations VALUES(64,'account','0003_alter_emailaddress_create_unique_verified_email','2025-09-17 09:47:03.268525');
INSERT INTO django_migrations VALUES(65,'account','0004_alter_emailaddress_drop_unique_email','2025-09-17 09:47:03.299616');
INSERT INTO django_migrations VALUES(66,'account','0005_emailaddress_idx_upper_email','2025-09-17 09:47:03.321486');
INSERT INTO django_migrations VALUES(67,'account','0006_emailaddress_lower','2025-09-17 09:47:03.367321');
INSERT INTO django_migrations VALUES(68,'account','0007_emailaddress_idx_email','2025-09-17 09:47:03.408542');
INSERT INTO django_migrations VALUES(69,'account','0008_emailaddress_unique_primary_email_fixup','2025-09-17 09:47:03.461276');
INSERT INTO django_migrations VALUES(70,'account','0009_emailaddress_unique_primary_email','2025-09-17 09:47:03.483284');
INSERT INTO django_migrations VALUES(71,'sites','0001_initial','2025-09-17 09:47:03.491060');
INSERT INTO django_migrations VALUES(72,'sites','0002_alter_domain_unique','2025-09-17 09:47:03.504776');
INSERT INTO django_migrations VALUES(73,'socialaccount','0001_initial','2025-09-17 09:47:03.612700');
INSERT INTO django_migrations VALUES(74,'socialaccount','0002_token_max_lengths','2025-09-17 09:47:03.666589');
INSERT INTO django_migrations VALUES(75,'socialaccount','0003_extra_data_default_dict','2025-09-17 09:47:03.698378');
INSERT INTO django_migrations VALUES(76,'socialaccount','0004_app_provider_id_settings','2025-09-17 09:47:03.752200');
INSERT INTO django_migrations VALUES(77,'socialaccount','0005_socialtoken_nullable_app','2025-09-17 09:47:03.813917');
INSERT INTO django_migrations VALUES(78,'socialaccount','0006_alter_socialaccount_extra_data','2025-09-17 09:47:03.882772');
INSERT INTO django_migrations VALUES(79,'accounts','0005_user_role','2025-09-18 14:15:08.965156');
CREATE TABLE IF NOT EXISTS "django_content_type" ("id" integer NOT NULL PRIMARY KEY AUTOINCREMENT, "app_label" varchar(100) NOT NULL, "model" varchar(100) NOT NULL);
INSERT INTO django_content_type VALUES(1,'admin','logentry');
INSERT INTO django_content_type VALUES(2,'auth','permission');
INSERT INTO django_content_type VALUES(3,'auth','group');
INSERT INTO django_content_type VALUES(4,'contenttypes','contenttype');
INSERT INTO django_content_type VALUES(5,'sessions','session');
INSERT INTO django_content_type VALUES(6,'authtoken','token');
INSERT INTO django_content_type VALUES(7,'authtoken','tokenproxy');
INSERT INTO django_content_type VALUES(8,'accounts','user');
INSERT INTO django_content_type VALUES(9,'accounts','useraddress');
INSERT INTO django_content_type VALUES(10,'catalog','category');
INSERT INTO django_content_type VALUES(11,'catalog','product');
INSERT INTO django_content_type VALUES(12,'catalog','productvariant');
INSERT INTO django_content_type VALUES(13,'catalog','review');
INSERT INTO django_content_type VALUES(14,'catalog','othercategory');
INSERT INTO django_content_type VALUES(15,'catalog','reviewimage');
INSERT INTO django_content_type VALUES(16,'cart','cart');
INSERT INTO django_content_type VALUES(17,'cart','cartitem');
INSERT INTO django_content_type VALUES(18,'orders','coupon');
INSERT INTO django_content_type VALUES(19,'orders','order');
INSERT INTO django_content_type VALUES(20,'orders','orderitem');
INSERT INTO django_content_type VALUES(21,'catalog','collection');
INSERT INTO django_content_type VALUES(22,'catalog','productcollection');
INSERT INTO django_content_type VALUES(23,'django_celery_beat','crontabschedule');
INSERT INTO django_content_type VALUES(24,'django_celery_beat','intervalschedule');
INSERT INTO django_content_type VALUES(25,'django_celery_beat','periodictask');
INSERT INTO django_content_type VALUES(26,'django_celery_beat','periodictasks');
INSERT INTO django_content_type VALUES(27,'django_celery_beat','solarschedule');
INSERT INTO django_content_type VALUES(28,'django_celery_beat','clockedschedule');
INSERT INTO django_content_type VALUES(29,'sites','site');
INSERT INTO django_content_type VALUES(30,'account','emailaddress');
INSERT INTO django_content_type VALUES(31,'account','emailconfirmation');
INSERT INTO django_content_type VALUES(32,'socialaccount','socialaccount');
INSERT INTO django_content_type VALUES(33,'socialaccount','socialapp');
INSERT INTO django_content_type VALUES(34,'socialaccount','socialtoken');
CREATE TABLE IF NOT EXISTS "auth_group_permissions" ("id" integer NOT NULL PRIMARY KEY AUTOINCREMENT, "group_id" integer NOT NULL REFERENCES "auth_group" ("id") DEFERRABLE INITIALLY DEFERRED, "permission_id" integer NOT NULL REFERENCES "auth_permission" ("id") DEFERRABLE INITIALLY DEFERRED);
CREATE TABLE IF NOT EXISTS "auth_permission" ("id" integer NOT NULL PRIMARY KEY AUTOINCREMENT, "content_type_id" integer NOT NULL REFERENCES "django_content_type" ("id") DEFERRABLE INITIALLY DEFERRED, "codename" varchar(100) NOT NULL, "name" varchar(255) NOT NULL);
INSERT INTO auth_permission VALUES(1,1,'add_logentry','Can add log entry');
INSERT INTO auth_permission VALUES(2,1,'change_logentry','Can change log entry');
INSERT INTO auth_permission VALUES(3,1,'delete_logentry','Can delete log entry');
INSERT INTO auth_permission VALUES(4,1,'view_logentry','Can view log entry');
INSERT INTO auth_permission VALUES(5,2,'add_permission','Can add permission');
INSERT INTO auth_permission VALUES(6,2,'change_permission','Can change permission');
INSERT INTO auth_permission VALUES(7,2,'delete_permission','Can delete permission');
INSERT INTO auth_permission VALUES(8,2,'view_permission','Can view permission');
INSERT INTO auth_permission VALUES(9,3,'add_group','Can add group');
INSERT INTO auth_permission VALUES(10,3,'change_group','Can change group');
INSERT INTO auth_permission VALUES(11,3,'delete_group','Can delete group');
INSERT INTO auth_permission VALUES(12,3,'view_group','Can view group');
INSERT INTO auth_permission VALUES(13,4,'add_contenttype','Can add content type');
INSERT INTO auth_permission VALUES(14,4,'change_contenttype','Can change content type');
INSERT INTO auth_permission VALUES(15,4,'delete_contenttype','Can delete content type');
INSERT INTO auth_permission VALUES(16,4,'view_contenttype','Can view content type');
INSERT INTO auth_permission VALUES(17,5,'add_session','Can add session');
INSERT INTO auth_permission VALUES(18,5,'change_session','Can change session');
INSERT INTO auth_permission VALUES(19,5,'delete_session','Can delete session');
INSERT INTO auth_permission VALUES(20,5,'view_session','Can view session');
INSERT INTO auth_permission VALUES(21,6,'add_token','Can add Token');
INSERT INTO auth_permission VALUES(22,6,'change_token','Can change Token');
INSERT INTO auth_permission VALUES(23,6,'delete_token','Can delete Token');
INSERT INTO auth_permission VALUES(24,6,'view_token','Can view Token');
INSERT INTO auth_permission VALUES(25,7,'add_tokenproxy','Can add Token');
INSERT INTO auth_permission VALUES(26,7,'change_tokenproxy','Can change Token');
INSERT INTO auth_permission VALUES(27,7,'delete_tokenproxy','Can delete Token');
INSERT INTO auth_permission VALUES(28,7,'view_tokenproxy','Can view Token');
INSERT INTO auth_permission VALUES(29,8,'add_user','Can add user');
INSERT INTO auth_permission VALUES(30,8,'change_user','Can change user');
INSERT INTO auth_permission VALUES(31,8,'delete_user','Can delete user');
INSERT INTO auth_permission VALUES(32,8,'view_user','Can view user');
INSERT INTO auth_permission VALUES(33,9,'add_useraddress','Can add user address');
INSERT INTO auth_permission VALUES(34,9,'change_useraddress','Can change user address');
INSERT INTO auth_permission VALUES(35,9,'delete_useraddress','Can delete user address');
INSERT INTO auth_permission VALUES(36,9,'view_useraddress','Can view user address');
INSERT INTO auth_permission VALUES(37,10,'add_category','Can add category');
INSERT INTO auth_permission VALUES(38,10,'change_category','Can change category');
INSERT INTO auth_permission VALUES(39,10,'delete_category','Can delete category');
INSERT INTO auth_permission VALUES(40,10,'view_category','Can view category');
INSERT INTO auth_permission VALUES(41,11,'add_product','Can add product');
INSERT INTO auth_permission VALUES(42,11,'change_product','Can change product');
INSERT INTO auth_permission VALUES(43,11,'delete_product','Can delete product');
INSERT INTO auth_permission VALUES(44,11,'view_product','Can view product');
INSERT INTO auth_permission VALUES(45,12,'add_productvariant','Can add product variant');
INSERT INTO auth_permission VALUES(46,12,'change_productvariant','Can change product variant');
INSERT INTO auth_permission VALUES(47,12,'delete_productvariant','Can delete product variant');
INSERT INTO auth_permission VALUES(48,12,'view_productvariant','Can view product variant');
INSERT INTO auth_permission VALUES(49,13,'add_review','Can add review');
INSERT INTO auth_permission VALUES(50,13,'change_review','Can change review');
INSERT INTO auth_permission VALUES(51,13,'delete_review','Can delete review');
INSERT INTO auth_permission VALUES(52,13,'view_review','Can view review');
INSERT INTO auth_permission VALUES(53,14,'add_othercategory','Can add other category');
INSERT INTO auth_permission VALUES(54,14,'change_othercategory','Can change other category');
INSERT INTO auth_permission VALUES(55,14,'delete_othercategory','Can delete other category');
INSERT INTO auth_permission VALUES(56,14,'view_othercategory','Can view other category');
INSERT INTO auth_permission VALUES(57,15,'add_reviewimage','Can add review image');
INSERT INTO auth_permission VALUES(58,15,'change_reviewimage','Can change review image');
INSERT INTO auth_permission VALUES(59,15,'delete_reviewimage','Can delete review image');
INSERT INTO auth_permission VALUES(60,15,'view_reviewimage','Can view review image');
INSERT INTO auth_permission VALUES(61,16,'add_cart','Can add cart');
INSERT INTO auth_permission VALUES(62,16,'change_cart','Can change cart');
INSERT INTO auth_permission VALUES(63,16,'delete_cart','Can delete cart');
INSERT INTO auth_permission VALUES(64,16,'view_cart','Can view cart');
INSERT INTO auth_permission VALUES(65,17,'add_cartitem','Can add cart item');
INSERT INTO auth_permission VALUES(66,17,'change_cartitem','Can change cart item');
INSERT INTO auth_permission VALUES(67,17,'delete_cartitem','Can delete cart item');
INSERT INTO auth_permission VALUES(68,17,'view_cartitem','Can view cart item');
INSERT INTO auth_permission VALUES(69,18,'add_coupon','Can add coupon');
INSERT INTO auth_permission VALUES(70,18,'change_coupon','Can change coupon');
INSERT INTO auth_permission VALUES(71,18,'delete_coupon','Can delete coupon');
INSERT INTO auth_permission VALUES(72,18,'view_coupon','Can view coupon');
INSERT INTO auth_permission VALUES(73,19,'add_order','Can add order');
INSERT INTO auth_permission VALUES(74,19,'change_order','Can change order');
INSERT INTO auth_permission VALUES(75,19,'delete_order','Can delete order');
INSERT INTO auth_permission VALUES(76,19,'view_order','Can view order');
INSERT INTO auth_permission VALUES(77,20,'add_orderitem','Can add order item');
INSERT INTO auth_permission VALUES(78,20,'change_orderitem','Can change order item');
INSERT INTO auth_permission VALUES(79,20,'delete_orderitem','Can delete order item');
INSERT INTO auth_permission VALUES(80,20,'view_orderitem','Can view order item');
INSERT INTO auth_permission VALUES(81,21,'add_collection','Can add collection');
INSERT INTO auth_permission VALUES(82,21,'change_collection','Can change collection');
INSERT INTO auth_permission VALUES(83,21,'delete_collection','Can delete collection');
INSERT INTO auth_permission VALUES(84,21,'view_collection','Can view collection');
INSERT INTO auth_permission VALUES(85,22,'add_productcollection','Can add product collection');
INSERT INTO auth_permission VALUES(86,22,'change_productcollection','Can change product collection');
INSERT INTO auth_permission VALUES(87,22,'delete_productcollection','Can delete product collection');
INSERT INTO auth_permission VALUES(88,22,'view_productcollection','Can view product collection');
INSERT INTO auth_permission VALUES(89,23,'add_crontabschedule','Can add crontab');
INSERT INTO auth_permission VALUES(90,23,'change_crontabschedule','Can change crontab');
INSERT INTO auth_permission VALUES(91,23,'delete_crontabschedule','Can delete crontab');
INSERT INTO auth_permission VALUES(92,23,'view_crontabschedule','Can view crontab');
INSERT INTO auth_permission VALUES(93,24,'add_intervalschedule','Can add interval');
INSERT INTO auth_permission VALUES(94,24,'change_intervalschedule','Can change interval');
INSERT INTO auth_permission VALUES(95,24,'delete_intervalschedule','Can delete interval');
INSERT INTO auth_permission VALUES(96,24,'view_intervalschedule','Can view interval');
INSERT INTO auth_permission VALUES(97,25,'add_periodictask','Can add periodic task');
INSERT INTO auth_permission VALUES(98,25,'change_periodictask','Can change periodic task');
INSERT INTO auth_permission VALUES(99,25,'delete_periodictask','Can delete periodic task');
INSERT INTO auth_permission VALUES(100,25,'view_periodictask','Can view periodic task');
INSERT INTO auth_permission VALUES(101,26,'add_periodictasks','Can add periodic task track');
INSERT INTO auth_permission VALUES(102,26,'change_periodictasks','Can change periodic task track');
INSERT INTO auth_permission VALUES(103,26,'delete_periodictasks','Can delete periodic task track');
INSERT INTO auth_permission VALUES(104,26,'view_periodictasks','Can view periodic task track');
INSERT INTO auth_permission VALUES(105,27,'add_solarschedule','Can add solar event');
INSERT INTO auth_permission VALUES(106,27,'change_solarschedule','Can change solar event');
INSERT INTO auth_permission VALUES(107,27,'delete_solarschedule','Can delete solar event');
INSERT INTO auth_permission VALUES(108,27,'view_solarschedule','Can view solar event');
INSERT INTO auth_permission VALUES(109,28,'add_clockedschedule','Can add clocked');
INSERT INTO auth_permission VALUES(110,28,'change_clockedschedule','Can change clocked');
INSERT INTO auth_permission VALUES(111,28,'delete_clockedschedule','Can delete clocked');
INSERT INTO auth_permission VALUES(112,28,'view_clockedschedule','Can view clocked');
INSERT INTO auth_permission VALUES(113,29,'add_site','Can add site');
INSERT INTO auth_permission VALUES(114,29,'change_site','Can change site');
INSERT INTO auth_permission VALUES(115,29,'delete_site','Can delete site');
INSERT INTO auth_permission VALUES(116,29,'view_site','Can view site');
INSERT INTO auth_permission VALUES(117,30,'add_emailaddress','Can add email address');
INSERT INTO auth_permission VALUES(118,30,'change_emailaddress','Can change email address');
INSERT INTO auth_permission VALUES(119,30,'delete_emailaddress','Can delete email address');
INSERT INTO auth_permission VALUES(120,30,'view_emailaddress','Can view email address');
INSERT INTO auth_permission VALUES(121,31,'add_emailconfirmation','Can add email confirmation');
INSERT INTO auth_permission VALUES(122,31,'change_emailconfirmation','Can change email confirmation');
INSERT INTO auth_permission VALUES(123,31,'delete_emailconfirmation','Can delete email confirmation');
INSERT INTO auth_permission VALUES(124,31,'view_emailconfirmation','Can view email confirmation');
INSERT INTO auth_permission VALUES(125,32,'add_socialaccount','Can add social account');
INSERT INTO auth_permission VALUES(126,32,'change_socialaccount','Can change social account');
INSERT INTO auth_permission VALUES(127,32,'delete_socialaccount','Can delete social account');
INSERT INTO auth_permission VALUES(128,32,'view_socialaccount','Can view social account');
INSERT INTO auth_permission VALUES(129,33,'add_socialapp','Can add social application');
INSERT INTO auth_permission VALUES(130,33,'change_socialapp','Can change social application');
INSERT INTO auth_permission VALUES(131,33,'delete_socialapp','Can delete social application');
INSERT INTO auth_permission VALUES(132,33,'view_socialapp','Can view social application');
INSERT INTO auth_permission VALUES(133,34,'add_socialtoken','Can add social application token');
INSERT INTO auth_permission VALUES(134,34,'change_socialtoken','Can change social application token');
INSERT INTO auth_permission VALUES(135,34,'delete_socialtoken','Can delete social application token');
INSERT INTO auth_permission VALUES(136,34,'view_socialtoken','Can view social application token');
CREATE TABLE IF NOT EXISTS "auth_group" ("id" integer NOT NULL PRIMARY KEY AUTOINCREMENT, "name" varchar(150) NOT NULL UNIQUE);
CREATE TABLE IF NOT EXISTS "accounts_user_groups" ("id" integer NOT NULL PRIMARY KEY AUTOINCREMENT, "user_id" bigint NOT NULL REFERENCES "accounts_user" ("id") DEFERRABLE INITIALLY DEFERRED, "group_id" integer NOT NULL REFERENCES "auth_group" ("id") DEFERRABLE INITIALLY DEFERRED);
CREATE TABLE IF NOT EXISTS "accounts_user_user_permissions" ("id" integer NOT NULL PRIMARY KEY AUTOINCREMENT, "user_id" bigint NOT NULL REFERENCES "accounts_user" ("id") DEFERRABLE INITIALLY DEFERRED, "permission_id" integer NOT NULL REFERENCES "auth_permission" ("id") DEFERRABLE INITIALLY DEFERRED);
CREATE TABLE IF NOT EXISTS "django_admin_log" ("id" integer NOT NULL PRIMARY KEY AUTOINCREMENT, "object_id" text NULL, "object_repr" varchar(200) NOT NULL, "action_flag" smallint unsigned NOT NULL CHECK ("action_flag" >= 0), "change_message" text NOT NULL, "content_type_id" integer NULL REFERENCES "django_content_type" ("id") DEFERRABLE INITIALLY DEFERRED, "user_id" bigint NOT NULL REFERENCES "accounts_user" ("id") DEFERRABLE INITIALLY DEFERRED, "action_time" datetime NOT NULL);
INSERT INTO django_admin_log VALUES(1,'1','Men',1,'[{"added": {}}]',10,1,'2025-08-25 12:30:42.928067');
INSERT INTO django_admin_log VALUES(2,'2','Women',1,'[{"added": {}}]',10,1,'2025-08-25 12:30:56.044464');
INSERT INTO django_admin_log VALUES(3,'1','Рубашка классическая',1,'[{"added": {}}]',11,1,'2025-08-25 12:35:53.565556');
INSERT INTO django_admin_log VALUES(4,'2','Premium Denim Jeans',1,'[{"added": {}}]',11,1,'2025-08-25 12:38:20.983373');
INSERT INTO django_admin_log VALUES(5,'3','Merino Wool Sweater - Charcoal',1,'[{"added": {}}]',11,1,'2025-08-25 12:39:58.038504');
INSERT INTO django_admin_log VALUES(6,'4','Bomber Jacket - Black',1,'[{"added": {}}]',11,1,'2025-08-25 12:41:33.442773');
INSERT INTO django_admin_log VALUES(7,'5','Polo Shirt - Navy Blue',1,'[{"added": {}}]',11,1,'2025-08-25 12:42:42.303944');
INSERT INTO django_admin_log VALUES(8,'3','Merino Wool Sweater - Charcoal',2,'[{"changed": {"fields": ["Image"]}}]',11,1,'2025-08-25 12:44:26.492200');
INSERT INTO django_admin_log VALUES(9,'5','Polo Shirt - Navy Blue',2,'[{"changed": {"fields": ["Image"]}}]',11,1,'2025-08-25 12:46:34.662035');
INSERT INTO django_admin_log VALUES(10,'2','Woman',2,'[{"changed": {"fields": ["Name", "Slug"]}}]',10,1,'2025-08-25 12:48:00.126367');
INSERT INTO django_admin_log VALUES(11,'1','Man',2,'[{"changed": {"fields": ["Name", "Slug"]}}]',10,1,'2025-08-25 12:48:36.176796');
INSERT INTO django_admin_log VALUES(12,'6','Elegant Midi Dress - Rose',1,'[{"added": {}}]',11,1,'2025-08-25 12:49:49.569024');
INSERT INTO django_admin_log VALUES(13,'7','Ruffled Blouse - White',1,'[{"added": {}}]',11,1,'2025-08-25 12:51:20.351302');
INSERT INTO django_admin_log VALUES(14,'2','Woman',2,'[]',10,1,'2025-08-25 12:52:20.625403');
INSERT INTO django_admin_log VALUES(15,'1','Man',2,'[]',10,1,'2025-08-25 12:52:23.771514');
INSERT INTO django_admin_log VALUES(16,'7','Ruffled Blouse - White',2,'[{"added": {"name": "product variant", "object": "Ruffled Blouse - White - 41/\u0431\u0435\u043b\u044b\u0439"}}]',11,1,'2025-08-25 13:03:24.760873');
INSERT INTO django_admin_log VALUES(17,'1','Отзыв viatkina.kati о Ruffled Blouse - White',1,'[{"added": {}}]',13,1,'2025-09-15 07:39:24.259614');
INSERT INTO django_admin_log VALUES(18,'1','man',2,'[{"changed": {"fields": ["\u041d\u0430\u0437\u0432\u0430\u043d\u0438\u0435"]}}]',10,2,'2025-09-17 09:21:53.156853');
INSERT INTO django_admin_log VALUES(19,'2','woman',2,'[{"changed": {"fields": ["\u041d\u0430\u0437\u0432\u0430\u043d\u0438\u0435"]}}]',10,2,'2025-09-17 09:22:08.345945');
INSERT INTO django_admin_log VALUES(20,'1','localhost:8000',2,'[{"changed": {"fields": ["Domain name"]}}]',29,2,'2025-09-17 09:50:39.547986');
INSERT INTO django_admin_log VALUES(21,'1','google',1,'[{"added": {}}]',33,2,'2025-09-17 10:09:57.327201');
INSERT INTO django_admin_log VALUES(22,'1','google',2,'[{"changed": {"fields": ["Sites"]}}]',33,2,'2025-09-17 11:58:25.223846');
INSERT INTO django_admin_log VALUES(23,'1','google',2,'[]',33,2,'2025-09-17 12:22:53.827517');
INSERT INTO django_admin_log VALUES(24,'2','http://127.0.0.1:8000/',1,'[{"added": {}}]',29,2,'2025-09-17 12:23:20.849016');
INSERT INTO django_admin_log VALUES(25,'1','google',2,'[{"changed": {"fields": ["Sites"]}}]',33,2,'2025-09-17 12:23:24.049618');
INSERT INTO django_admin_log VALUES(26,'1','Футболка BASIC - M/White',2,'[]',12,2,'2025-09-18 15:58:18.452762');
INSERT INTO django_admin_log VALUES(27,'1','Футболка BASIC - M/White',2,'[{"changed": {"fields": ["\u0418\u0437\u043e\u0431\u0440\u0430\u0436\u0435\u043d\u0438\u0435"]}}]',12,2,'2025-09-18 16:00:29.419050');
INSERT INTO django_admin_log VALUES(28,'4','Ruffled Blouse - White - 42/White',1,'[{"added": {}}]',12,2,'2025-09-18 16:18:14.109277');
INSERT INTO django_admin_log VALUES(29,'4','Ruffled Blouse - White - 42/White',2,'[{"changed": {"fields": ["\u041e\u0441\u0442\u0430\u0442\u043e\u043a \u043d\u0430 \u0441\u043a\u043b\u0430\u0434\u0435"]}}]',12,2,'2025-09-18 16:18:43.467319');
CREATE TABLE IF NOT EXISTS "authtoken_token" ("key" varchar(40) NOT NULL PRIMARY KEY, "created" datetime NOT NULL, "user_id" bigint NOT NULL UNIQUE REFERENCES "accounts_user" ("id") DEFERRABLE INITIALLY DEFERRED);
CREATE TABLE IF NOT EXISTS "cart_cart" ("id" integer NOT NULL PRIMARY KEY AUTOINCREMENT, "coupon_code" varchar(50) NOT NULL, "user_id" bigint NOT NULL UNIQUE REFERENCES "accounts_user" ("id") DEFERRABLE INITIALLY DEFERRED);
INSERT INTO cart_cart VALUES(1,'',1);
INSERT INTO cart_cart VALUES(2,'',2);
CREATE TABLE IF NOT EXISTS "cart_cartitem" ("id" integer NOT NULL PRIMARY KEY AUTOINCREMENT, "quantity" integer unsigned NOT NULL CHECK ("quantity" >= 0), "cart_id" bigint NOT NULL REFERENCES "cart_cart" ("id") DEFERRABLE INITIALLY DEFERRED, "variant_id" bigint NOT NULL REFERENCES "catalog_productvariant" ("id") DEFERRABLE INITIALLY DEFERRED);
INSERT INTO cart_cartitem VALUES(2,1,1,1);
INSERT INTO cart_cartitem VALUES(4,2,2,4);
CREATE TABLE IF NOT EXISTS "django_session" ("session_key" varchar(40) NOT NULL PRIMARY KEY, "session_data" text NOT NULL, "expire_date" datetime NOT NULL);
INSERT INTO django_session VALUES('k7rcvysi3ga0w4kxrozq9f1qlx9igbcn','.eJxVjDkOwjAQAP-yNbKy8bFOSnreYK0vHEC2FCcV4u8oUgpoZ0bzBsf7Vtze0-qWCDMgXH6Z5_BM9RDxwfXeRGh1WxcvjkSctotbi-l1Pdu_QeFeYAZPxkyotE4yJDSJTDCIGW2ewqhUGJm01HqwdhyIMBOTQYrKSjVFyQifL7ZTNmU:1uqVzZ:SuHLJF6ppqHblU4YMV5WzPby_UMibzxBUmBDiY6z2dk','2025-09-08 12:08:05.368568');
INSERT INTO django_session VALUES('k3maueijwajukekdnwx7wwbs6pzidtax','.eJxVj0FuhTAMRO_iNUKJEwfCrn_TQ1RfyISooFJSkdAN4u4_ULpgNxrPPI03iMGNPLFzYZ1TGxMnH6HZ9gL-PV7T4Oc0Ok5jmNtvn4bQ58zHBn8amjsFcjdBIyuqJVqpZGmzMroq4GcJv2Pvl1x5D-Fz8jm7jgdBSkVkrNbKksIKNaEg2J8FnAPaNfqlPZMKbl7H7svPx4Gn6bDLa0Z5Zq5zLN9ubzyu1g01cBwyxyviXkltBQtZKySlvHFGIKPTvradQRYCkYwUmrTtJFl0NXXSO-y0hv0Fjj1uqA:1uyvhT:QaQrGwAtV-3QINzzyFqjBp-OjfpGrsCMJhRsCVb1N74','2025-10-01 17:12:11.979321');
INSERT INTO django_session VALUES('sho1d2k8javdig63q1vkbh7ianipvfhp','.eJxVjEEOwiAURO_C2hCgHwou3fcM5PMBqRpISrsy3t026UIzu3lv5s08bmvxW0-LnyO7MsUuv11AeqZ6gPjAem-cWl2XOfBD4SftfGoxvW6n-3dQsJd9jaBB5RBBk81WUHKkxAAgDCkpIAcJFMNonAMhlNyTtKHB4pgC6qzZ5wvThTdc:1uzHH7:9f81JzbWeoUYzVEA48MlFTNEYLV96YnjuMxMCe9Xs2w','2025-10-02 16:14:25.604791');
INSERT INTO django_session VALUES('ssa1ea1x6cre7hcguiwn5oju89y1jrfi','.eJxVjEEOwiAURO_C2hCgHwou3fcM5PMBqRpISrsy3t026UIzu3lv5s08bmvxW0-LnyO7MsUuv11AeqZ6gPjAem-cWl2XOfBD4SftfGoxvW6n-3dQsJd9jaBB5RBBk81WUHKkxAAgDCkpIAcJFMNonAMhlNyTtKHB4pgC6qzZ5wvThTdc:1uzZ77:DE3m55LdnE8z3g3tMfjFRuo8Iz7aXoOVdjMBheJuQRo','2025-10-03 11:17:17.983768');
CREATE TABLE IF NOT EXISTS "catalog_category" ("id" integer NOT NULL PRIMARY KEY AUTOINCREMENT, "name" varchar(100) NOT NULL, "slug" varchar(50) NOT NULL UNIQUE, "created_at" datetime NOT NULL, "description" text NOT NULL, "image" varchar(100) NULL, "is_active" bool NOT NULL, "sort_order" integer unsigned NOT NULL CHECK ("sort_order" >= 0), "updated_at" datetime NOT NULL);
INSERT INTO catalog_category VALUES(1,'man','clothes','2025-01-01 00:00:00','Основная одежда','',1,1,'2025-09-17 09:21:53.154303');
INSERT INTO catalog_category VALUES(2,'woman','shoes','2025-01-01 00:00:00','Обувные товары','',1,2,'2025-09-17 09:22:08.344165');
CREATE TABLE IF NOT EXISTS "catalog_othercategory" ("id" integer NOT NULL PRIMARY KEY AUTOINCREMENT, "name" varchar(100) NOT NULL, "slug" varchar(50) NOT NULL UNIQUE, "created_at" datetime NOT NULL, "description" text NOT NULL, "is_active" bool NOT NULL);
INSERT INTO catalog_othercategory VALUES(1,'Новинки','new','2025-01-01 00:00:00','Новые поступления',1);
CREATE TABLE IF NOT EXISTS "catalog_productvariant" ("id" integer NOT NULL PRIMARY KEY AUTOINCREMENT, "size" varchar(20) NOT NULL, "color" varchar(30) NOT NULL, "price" decimal NOT NULL, "stock" integer unsigned NOT NULL CHECK ("stock" >= 0), "product_id" bigint NOT NULL REFERENCES "catalog_product" ("id") DEFERRABLE INITIALLY DEFERRED, "image" varchar(100) NULL, "created_at" datetime NOT NULL, "is_active" bool NOT NULL, "sku" varchar(50) NULL UNIQUE, "updated_at" datetime NOT NULL);
INSERT INTO catalog_productvariant VALUES(1,'M','White',1290,25,1,'products/гитхаб.png','2025-01-01 00:00:00',1,'TSHIRT-BASIC-M-WHITE','2025-09-18 16:00:29.418078');
INSERT INTO catalog_productvariant VALUES(2,'L','Black',1290,8,1,'','2025-01-01 00:00:00',1,'TSHIRT-BASIC-L-BLACK','2025-01-01 00:00:00');
INSERT INTO catalog_productvariant VALUES(3,'42','Blue',7990,12,2,'','2025-01-01 00:00:00',1,'RUNPRO-42-BLUE','2025-01-01 00:00:00');
INSERT INTO catalog_productvariant VALUES(4,'42','White',34,4,7,'products/резюме.jpg','2025-09-18 16:18:14.108248',1,NULL,'2025-09-18 16:18:43.464765');
CREATE TABLE IF NOT EXISTS "catalog_review" ("id" integer NOT NULL PRIMARY KEY AUTOINCREMENT, "rating" integer unsigned NOT NULL CHECK ("rating" >= 0), "comment" text NOT NULL, "created_at" datetime NOT NULL, "product_id" bigint NOT NULL REFERENCES "catalog_product" ("id") DEFERRABLE INITIALLY DEFERRED, "user_id" bigint NOT NULL REFERENCES "accounts_user" ("id") DEFERRABLE INITIALLY DEFERRED, "is_approved" bool NOT NULL, "is_verified_purchase" bool NOT NULL, "updated_at" datetime NOT NULL);
INSERT INTO catalog_review VALUES(1,5,'Отличное качество!','2025-01-01 00:00:00',2,1,1,1,'2025-01-01 00:00:00');
INSERT INTO catalog_review VALUES(3,2,'мешок а не рубашка','2025-09-15 08:46:31.126680',1,1,0,0,'2025-09-15 08:46:31.126728');
INSERT INTO catalog_review VALUES(8,5,'Отличный товар!','2025-09-19 08:45:35.385154',3,4,0,0,'2025-09-19 08:45:35.385192');
INSERT INTO catalog_review VALUES(9,5,'ok','2025-09-19 11:17:41.442538',6,2,0,0,'2025-09-19 11:17:41.442567');
CREATE TABLE IF NOT EXISTS "catalog_reviewimage" ("id" integer NOT NULL PRIMARY KEY AUTOINCREMENT, "image" varchar(100) NULL, "review_id" bigint NULL REFERENCES "catalog_review" ("id") DEFERRABLE INITIALLY DEFERRED, "alt_text" varchar(255) NOT NULL, "created_at" datetime NOT NULL);
CREATE TABLE IF NOT EXISTS "accounts_useraddress" ("id" integer NOT NULL PRIMARY KEY AUTOINCREMENT, "address_line" varchar(255) NULL, "city" varchar(100) NULL, "state" varchar(100) NULL, "postal_code" varchar(20) NULL, "user_id" bigint NOT NULL REFERENCES "accounts_user" ("id") DEFERRABLE INITIALLY DEFERRED, "country" varchar(100) NOT NULL);
CREATE TABLE IF NOT EXISTS "orders_coupon" ("id" integer NOT NULL PRIMARY KEY AUTOINCREMENT, "code" varchar(50) NOT NULL UNIQUE, "discount_percent" integer unsigned NOT NULL CHECK ("discount_percent" >= 0), "active" bool NOT NULL, "created_at" datetime NOT NULL, "description" text NOT NULL, "discount_amount" decimal NOT NULL, "max_uses" integer unsigned NULL CHECK ("max_uses" >= 0), "min_order_amount" decimal NOT NULL, "name" varchar(100) NOT NULL, "updated_at" datetime NOT NULL, "used_count" integer unsigned NOT NULL CHECK ("used_count" >= 0), "valid_from" datetime NULL, "valid_until" datetime NULL);
CREATE TABLE IF NOT EXISTS "orders_orderitem" ("id" integer NOT NULL PRIMARY KEY AUTOINCREMENT, "quantity" integer unsigned NOT NULL CHECK ("quantity" >= 0), "price" decimal NOT NULL, "order_id" bigint NOT NULL REFERENCES "orders_order" ("id") DEFERRABLE INITIALLY DEFERRED, "variant_id" bigint NOT NULL REFERENCES "catalog_productvariant" ("id") DEFERRABLE INITIALLY DEFERRED, "created_at" datetime NOT NULL);
CREATE TABLE IF NOT EXISTS "orders_order" ("id" integer NOT NULL PRIMARY KEY AUTOINCREMENT, "status" varchar(20) NOT NULL, "tracking_number" varchar(100) NOT NULL, "total_amount" decimal NOT NULL, "created_at" datetime NOT NULL, "coupon_id" bigint NULL REFERENCES "orders_coupon" ("id") DEFERRABLE INITIALLY DEFERRED, "user_id" bigint NOT NULL REFERENCES "accounts_user" ("id") DEFERRABLE INITIALLY DEFERRED, "delivered_at" datetime NULL, "discount_amount" decimal NOT NULL, "estimated_delivery" date NULL, "notes" text NOT NULL, "order_number" varchar(20) NOT NULL UNIQUE, "payment_method" varchar(20) NOT NULL, "payment_status" varchar(20) NOT NULL, "phone" varchar(20) NOT NULL, "shipping_cost" decimal NOT NULL, "subtotal" decimal NOT NULL, "updated_at" datetime NOT NULL, "address" text NULL);
CREATE TABLE IF NOT EXISTS "catalog_collection" ("id" integer NOT NULL PRIMARY KEY AUTOINCREMENT, "name" varchar(120) NOT NULL, "slug" varchar(50) NOT NULL UNIQUE);
INSERT INTO catalog_collection VALUES(1,'BESTSELLERS','bestsellers');
INSERT INTO catalog_collection VALUES(2,'SPRING 2025','spring-2025');
CREATE TABLE IF NOT EXISTS "catalog_productcollection" ("id" integer NOT NULL PRIMARY KEY AUTOINCREMENT, "order" integer unsigned NOT NULL CHECK ("order" >= 0), "featured_until" datetime NULL, "added_at" datetime NOT NULL, "collection_id" bigint NOT NULL REFERENCES "catalog_collection" ("id") DEFERRABLE INITIALLY DEFERRED, "product_id" bigint NOT NULL REFERENCES "catalog_product" ("id") DEFERRABLE INITIALLY DEFERRED);
INSERT INTO catalog_productcollection VALUES(1,1,NULL,'2025-01-01 00:00:00',1,1);
CREATE TABLE IF NOT EXISTS "catalog_product" ("id" integer NOT NULL PRIMARY KEY AUTOINCREMENT, "name" varchar(200) NOT NULL, "description" text NOT NULL, "base_price" decimal NOT NULL, "image" varchar(100) NULL, "created_at" datetime NOT NULL, "category_id" bigint NOT NULL REFERENCES "catalog_category" ("id") DEFERRABLE INITIALLY DEFERRED, "other_category_id" bigint NULL REFERENCES "catalog_othercategory" ("id") DEFERRABLE INITIALLY DEFERRED, "dimensions" varchar(100) NOT NULL, "is_active" bool NOT NULL, "is_featured" bool NOT NULL, "is_new" bool NOT NULL, "sale_price" decimal NULL, "short_description" varchar(255) NOT NULL, "updated_at" datetime NOT NULL, "weight" decimal NULL);
INSERT INTO catalog_product VALUES(1,'Футболка BASIC','Хлопок, базовая посадка',1490,'','2025-01-01 00:00:00',1,1,'30x20x2',1,1,1,1290,'Базовая футболка','2025-01-01 00:00:00',200);
INSERT INTO catalog_product VALUES(2,'Кроссовки RUN PRO','Лёгкие беговые кроссовки',7990,'','2025-01-01 00:00:00',2,NULL,'33x22x12',1,0,0,NULL,'Беговые','2025-01-01 00:00:00',450);
INSERT INTO catalog_product VALUES(3,'Merino Wool Sweater - Charcoal','"Теплый свитер из натуральной мериносовой шерсти. Темно-серый цвет, классический воротник-стойка. Мягкая на ощупь ткань, не вызывает раздражения. Идеален для прохладной погоды."',149.990000000000009,'products/c7a9bbde07d8df94504500137af439b8.jpg','2025-08-25 12:39:58.037221',1,NULL,'',1,0,0,NULL,'','2025-08-25 13:34:40.002228',NULL);
INSERT INTO catalog_product VALUES(4,'Bomber Jacket - Black','"Стильная бомбер куртка в классическом дизайне. Черный цвет, водоотталкивающая ткань, эластичные манжеты и пояс. Внутренняя подкладка из мягкого материала. Отлично подходит для межсезонья."',199.990000000000009,'products/3e7253c452af1bc6c85281edd4d9b696.jpg','2025-08-25 12:41:33.440727',1,NULL,'',1,0,0,NULL,'','2025-08-25 13:34:40.002228',NULL);
INSERT INTO catalog_product VALUES(5,'Polo Shirt - Navy Blue','"Классическая поло рубашка из пике. Темно-синий цвет, короткий рукав, эластичный воротник. Дышащая ткань, удобная посадка. Подходит для спорта и casual стиля."',69.9899999999999948,'products/ed4e0eaf0e14015d407bf34c329cc417.jpg','2025-08-25 12:42:42.302933',1,NULL,'',1,0,0,NULL,'','2025-08-25 13:34:40.002228',NULL);
INSERT INTO catalog_product VALUES(6,'Elegant Midi Dress - Rose','"Элегантное платье-миди из струящегося материала. Нежно-розовый цвет, V-образный вырез, пояс на талии. Идеально подходит для особых случаев и вечерних выходов."',179.990000000000009,'products/c237ec4bfdb271ceeaabb6258a52c914.jpg','2025-08-25 12:49:49.567440',2,NULL,'',1,0,0,NULL,'','2025-08-25 13:34:40.002228',NULL);
INSERT INTO catalog_product VALUES(7,'Ruffled Blouse - White','"Романтичная блуза из легкого шелка. Белый цвет, декоративные рюши на воротнике и рукавах. Свободный крой, застежка на пуговицы. Отлично сочетается с юбками и брюками."',99.9899999999999948,'products/73004bd79ff24bc838c9f6403dda35f4.jpg','2025-08-25 12:51:20.349818',2,NULL,'',1,0,0,NULL,'','2025-08-25 13:34:40.002228',NULL);
CREATE TABLE IF NOT EXISTS "django_celery_beat_intervalschedule" ("id" integer NOT NULL PRIMARY KEY AUTOINCREMENT, "every" integer NOT NULL, "period" varchar(24) NOT NULL);
CREATE TABLE IF NOT EXISTS "django_celery_beat_periodictasks" ("ident" smallint NOT NULL PRIMARY KEY, "last_update" datetime NOT NULL);
CREATE TABLE IF NOT EXISTS "django_celery_beat_solarschedule" ("id" integer NOT NULL PRIMARY KEY AUTOINCREMENT, "event" varchar(24) NOT NULL, "latitude" decimal NOT NULL, "longitude" decimal NOT NULL);
CREATE TABLE IF NOT EXISTS "django_celery_beat_periodictask" ("id" integer NOT NULL PRIMARY KEY AUTOINCREMENT, "name" varchar(200) NOT NULL UNIQUE, "task" varchar(200) NOT NULL, "args" text NOT NULL, "kwargs" text NOT NULL, "queue" varchar(200) NULL, "exchange" varchar(200) NULL, "routing_key" varchar(200) NULL, "expires" datetime NULL, "enabled" bool NOT NULL, "last_run_at" datetime NULL, "total_run_count" integer unsigned NOT NULL CHECK ("total_run_count" >= 0), "date_changed" datetime NOT NULL, "description" text NOT NULL, "crontab_id" integer NULL REFERENCES "django_celery_beat_crontabschedule" ("id") DEFERRABLE INITIALLY DEFERRED, "interval_id" integer NULL REFERENCES "django_celery_beat_intervalschedule" ("id") DEFERRABLE INITIALLY DEFERRED, "solar_id" integer NULL REFERENCES "django_celery_beat_solarschedule" ("id") DEFERRABLE INITIALLY DEFERRED, "one_off" bool NOT NULL, "start_time" datetime NULL, "priority" integer unsigned NULL CHECK ("priority" >= 0), "headers" text NOT NULL, "clocked_id" integer NULL REFERENCES "django_celery_beat_clockedschedule" ("id") DEFERRABLE INITIALLY DEFERRED, "expire_seconds" integer unsigned NULL CHECK ("expire_seconds" >= 0));
CREATE TABLE IF NOT EXISTS "django_celery_beat_clockedschedule" ("id" integer NOT NULL PRIMARY KEY AUTOINCREMENT, "clocked_time" datetime NOT NULL);
CREATE TABLE IF NOT EXISTS "django_celery_beat_crontabschedule" ("id" integer NOT NULL PRIMARY KEY AUTOINCREMENT, "minute" varchar(240) NOT NULL, "hour" varchar(96) NOT NULL, "day_of_week" varchar(64) NOT NULL, "day_of_month" varchar(124) NOT NULL, "month_of_year" varchar(64) NOT NULL, "timezone" varchar(63) NOT NULL);
CREATE TABLE IF NOT EXISTS "account_emailconfirmation" ("id" integer NOT NULL PRIMARY KEY AUTOINCREMENT, "created" datetime NOT NULL, "sent" datetime NULL, "key" varchar(64) NOT NULL UNIQUE, "email_address_id" integer NOT NULL REFERENCES "account_emailaddress" ("id") DEFERRABLE INITIALLY DEFERRED);
CREATE TABLE IF NOT EXISTS "account_emailaddress" ("id" integer NOT NULL PRIMARY KEY AUTOINCREMENT, "verified" bool NOT NULL, "primary" bool NOT NULL, "user_id" bigint NOT NULL REFERENCES "accounts_user" ("id") DEFERRABLE INITIALLY DEFERRED, "email" varchar(254) NOT NULL);
INSERT INTO account_emailaddress VALUES(1,1,1,3,'kva020705@gmail.com');
CREATE TABLE IF NOT EXISTS "django_site" ("id" integer NOT NULL PRIMARY KEY AUTOINCREMENT, "name" varchar(50) NOT NULL, "domain" varchar(100) NOT NULL UNIQUE);
INSERT INTO django_site VALUES(1,'example.com','localhost:8000');
INSERT INTO django_site VALUES(2,'Fashion Store','http://127.0.0.1:8000/');
CREATE TABLE IF NOT EXISTS "socialaccount_socialapp_sites" ("id" integer NOT NULL PRIMARY KEY AUTOINCREMENT, "socialapp_id" integer NOT NULL REFERENCES "socialaccount_socialapp" ("id") DEFERRABLE INITIALLY DEFERRED, "site_id" integer NOT NULL REFERENCES "django_site" ("id") DEFERRABLE INITIALLY DEFERRED);
INSERT INTO socialaccount_socialapp_sites VALUES(1,1,1);
INSERT INTO socialaccount_socialapp_sites VALUES(2,1,2);
CREATE TABLE IF NOT EXISTS "socialaccount_socialapp" ("id" integer NOT NULL PRIMARY KEY AUTOINCREMENT, "provider" varchar(30) NOT NULL, "name" varchar(40) NOT NULL, "client_id" varchar(191) NOT NULL, "secret" varchar(191) NOT NULL, "key" varchar(191) NOT NULL, "provider_id" varchar(200) NOT NULL, "settings" text NOT NULL CHECK ((JSON_VALID("settings") OR "settings" IS NULL)));
INSERT INTO socialaccount_socialapp VALUES(1,'google','google','30594105776-p8ke05g4autnq9sv2sdfu6m35hk4b7er.apps.googleusercontent.com','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','','Google','{}');
CREATE TABLE IF NOT EXISTS "socialaccount_socialtoken" ("id" integer NOT NULL PRIMARY KEY AUTOINCREMENT, "token" text NOT NULL, "token_secret" text NOT NULL, "expires_at" datetime NULL, "account_id" integer NOT NULL REFERENCES "socialaccount_socialaccount" ("id") DEFERRABLE INITIALLY DEFERRED, "app_id" integer NULL REFERENCES "socialaccount_socialapp" ("id") DEFERRABLE INITIALLY DEFERRED);
CREATE TABLE IF NOT EXISTS "socialaccount_socialaccount" ("id" integer NOT NULL PRIMARY KEY AUTOINCREMENT, "provider" varchar(200) NOT NULL, "uid" varchar(191) NOT NULL, "last_login" datetime NOT NULL, "date_joined" datetime NOT NULL, "user_id" bigint NOT NULL REFERENCES "accounts_user" ("id") DEFERRABLE INITIALLY DEFERRED, "extra_data" text NOT NULL CHECK ((JSON_VALID("extra_data") OR "extra_data" IS NULL)));
INSERT INTO socialaccount_socialaccount VALUES(1,'Google','113556944395327245205','2025-09-17 17:12:11.885769','2025-09-17 12:45:38.408709',3,'{"iss": "https://accounts.google.com", "azp": "30594105776-p8ke05g4autnq9sv2sdfu6m35hk4b7er.apps.googleusercontent.com", "aud": "30594105776-p8ke05g4autnq9sv2sdfu6m35hk4b7er.apps.googleusercontent.com", "sub": "113556944395327245205", "email": "kva020705@gmail.com", "email_verified": true, "at_hash": "88p5kkSpYLbEjBs0eCIeuQ", "name": "\u041a\u0430\u0442\u044f \u0412\u044f\u0442\u043a\u0438\u043d\u0430", "picture": "https://lh3.googleusercontent.com/a/ACg8ocJ6cvXu3RIoEVpeAg7uRyNhm4Dk_pa7erzKxvu4AudlYlAeAg=s96-c", "given_name": "\u041a\u0430\u0442\u044f", "family_name": "\u0412\u044f\u0442\u043a\u0438\u043d\u0430", "iat": 1758129131, "exp": 1758132731}');
CREATE TABLE IF NOT EXISTS "accounts_user" ("id" integer NOT NULL PRIMARY KEY AUTOINCREMENT, "password" varchar(128) NOT NULL, "last_login" datetime NULL, "is_superuser" bool NOT NULL, "first_name" varchar(150) NOT NULL, "last_name" varchar(150) NOT NULL, "is_staff" bool NOT NULL, "is_active" bool NOT NULL, "date_joined" datetime NOT NULL, "email" varchar(254) NOT NULL UNIQUE, "name" varchar(120) NOT NULL, "phone" varchar(20) NOT NULL, "role" varchar(20) NOT NULL);
INSERT INTO accounts_user VALUES(1,'demo',NULL,1,'','',1,1,'2025-09-16 08:36:12.711382','demo@demo.com','','','customer');
INSERT INTO accounts_user VALUES(2,'pbkdf2_sha256$1000000$66wRTRLm7j4MEsRx5EB2q7$ST7CEjhCyRBcJ3jJRY3Q9orTJz+DCX5igavS8BgLklk=','2025-09-19 11:17:17.976417',1,'','',1,1,'2025-09-17 09:19:45.372205','viatkina.kati@yandex.ru','','','customer');
INSERT INTO accounts_user VALUES(3,'!z5RHqHmXSypABEbla4ywJ6NacK1fnVHjb07oUPPq','2025-09-17 17:12:11.970935',0,'Катя','Вяткина',0,1,'2025-09-17 12:45:38.331157','kva020705@gmail.com','','','customer');
INSERT INTO accounts_user VALUES(4,'pbkdf2_sha256$1000000$kd8Qni9iyNnauzMtQfKUX4$DOXERNC1UBEp8fpU73yPqK289MNTf3KRGAKrG6E7Wrg=','2025-09-19 11:16:31.661174',1,'','',1,1,'2025-09-18 14:35:43.938222','admin@admin.com','','','admin');
DELETE FROM sqlite_sequence;
INSERT INTO sqlite_sequence VALUES('django_migrations',79);
INSERT INTO sqlite_sequence VALUES('django_content_type',34);
INSERT INTO sqlite_sequence VALUES('auth_permission',136);
INSERT INTO sqlite_sequence VALUES('auth_group',0);
INSERT INTO sqlite_sequence VALUES('django_admin_log',29);
INSERT INTO sqlite_sequence VALUES('cart_cart',2);
INSERT INTO sqlite_sequence VALUES('cart_cartitem',4);
INSERT INTO sqlite_sequence VALUES('catalog_category',2);
INSERT INTO sqlite_sequence VALUES('catalog_othercategory',1);
INSERT INTO sqlite_sequence VALUES('catalog_productvariant',4);
INSERT INTO sqlite_sequence VALUES('catalog_review',9);
INSERT INTO sqlite_sequence VALUES('catalog_reviewimage',0);
INSERT INTO sqlite_sequence VALUES('accounts_useraddress',0);
INSERT INTO sqlite_sequence VALUES('orders_coupon',0);
INSERT INTO sqlite_sequence VALUES('orders_orderitem',0);
INSERT INTO sqlite_sequence VALUES('orders_order',0);
INSERT INTO sqlite_sequence VALUES('catalog_product',7);
INSERT INTO sqlite_sequence VALUES('catalog_collection',2);
INSERT INTO sqlite_sequence VALUES('catalog_productcollection',1);
INSERT INTO sqlite_sequence VALUES('django_celery_beat_periodictask',0);
INSERT INTO sqlite_sequence VALUES('django_celery_beat_crontabschedule',0);
INSERT INTO sqlite_sequence VALUES('account_emailaddress',1);
INSERT INTO sqlite_sequence VALUES('django_site',2);
INSERT INTO sqlite_sequence VALUES('socialaccount_socialapp',1);
INSERT INTO sqlite_sequence VALUES('socialaccount_socialtoken',0);
INSERT INTO sqlite_sequence VALUES('socialaccount_socialaccount',1);
INSERT INTO sqlite_sequence VALUES('socialaccount_socialapp_sites',2);
INSERT INTO sqlite_sequence VALUES('accounts_user',4);
CREATE UNIQUE INDEX "django_content_type_app_label_model_76bd3d3b_uniq" ON "django_content_type" ("app_label", "model");
CREATE UNIQUE INDEX "auth_group_permissions_group_id_permission_id_0cd325b0_uniq" ON "auth_group_permissions" ("group_id", "permission_id");
CREATE INDEX "auth_group_permissions_group_id_b120cbf9" ON "auth_group_permissions" ("group_id");
CREATE INDEX "auth_group_permissions_permission_id_84c5c92e" ON "auth_group_permissions" ("permission_id");
CREATE UNIQUE INDEX "auth_permission_content_type_id_codename_01ab375a_uniq" ON "auth_permission" ("content_type_id", "codename");
CREATE INDEX "auth_permission_content_type_id_2f476e4b" ON "auth_permission" ("content_type_id");
CREATE UNIQUE INDEX "accounts_user_groups_user_id_group_id_59c0b32f_uniq" ON "accounts_user_groups" ("user_id", "group_id");
CREATE INDEX "accounts_user_groups_user_id_52b62117" ON "accounts_user_groups" ("user_id");
CREATE INDEX "accounts_user_groups_group_id_bd11a704" ON "accounts_user_groups" ("group_id");
CREATE UNIQUE INDEX "accounts_user_user_permissions_user_id_permission_id_2ab516c2_uniq" ON "accounts_user_user_permissions" ("user_id", "permission_id");
CREATE INDEX "accounts_user_user_permissions_user_id_e4f0a161" ON "accounts_user_user_permissions" ("user_id");
CREATE INDEX "accounts_user_user_permissions_permission_id_113bb443" ON "accounts_user_user_permissions" ("permission_id");
CREATE INDEX "django_admin_log_content_type_id_c4bce8eb" ON "django_admin_log" ("content_type_id");
CREATE INDEX "django_admin_log_user_id_c564eba6" ON "django_admin_log" ("user_id");
CREATE UNIQUE INDEX "cart_cartitem_cart_id_variant_id_7d797a64_uniq" ON "cart_cartitem" ("cart_id", "variant_id");
CREATE INDEX "cart_cartitem_cart_id_370ad265" ON "cart_cartitem" ("cart_id");
CREATE INDEX "cart_cartitem_variant_id_69f5d8c8" ON "cart_cartitem" ("variant_id");
CREATE INDEX "django_session_expire_date_a5c62663" ON "django_session" ("expire_date");
CREATE UNIQUE INDEX "catalog_productvariant_product_id_size_color_6b0a6d15_uniq" ON "catalog_productvariant" ("product_id", "size", "color");
CREATE INDEX "catalog_productvariant_product_id_422f9d19" ON "catalog_productvariant" ("product_id");
CREATE UNIQUE INDEX "catalog_review_product_id_user_id_3eaebf54_uniq" ON "catalog_review" ("product_id", "user_id");
CREATE INDEX "catalog_review_product_id_e494243b" ON "catalog_review" ("product_id");
CREATE INDEX "catalog_review_user_id_743df0f5" ON "catalog_review" ("user_id");
CREATE INDEX "catalog_reviewimage_review_id_470f8b5c" ON "catalog_reviewimage" ("review_id");
CREATE INDEX "accounts_useraddress_user_id_5348f16c" ON "accounts_useraddress" ("user_id");
CREATE INDEX "orders_orderitem_order_id_fe61a34d" ON "orders_orderitem" ("order_id");
CREATE INDEX "orders_orderitem_variant_id_5d350ded" ON "orders_orderitem" ("variant_id");
CREATE INDEX "orders_order_coupon_id_5bddb887" ON "orders_order" ("coupon_id");
CREATE INDEX "orders_order_user_id_e9b59eb1" ON "orders_order" ("user_id");
CREATE UNIQUE INDEX "catalog_productcollection_product_id_collection_id_0b1564f4_uniq" ON "catalog_productcollection" ("product_id", "collection_id");
CREATE INDEX "catalog_productcollection_collection_id_20788f79" ON "catalog_productcollection" ("collection_id");
CREATE INDEX "catalog_productcollection_product_id_8c23f7de" ON "catalog_productcollection" ("product_id");
CREATE INDEX "catalog_product_category_id_35bf920b" ON "catalog_product" ("category_id");
CREATE INDEX "catalog_product_other_category_id_989fb7f5" ON "catalog_product" ("other_category_id");
CREATE UNIQUE INDEX "django_celery_beat_solarschedule_event_latitude_longitude_ba64999a_uniq" ON "django_celery_beat_solarschedule" ("event", "latitude", "longitude");
CREATE INDEX "django_celery_beat_periodictask_crontab_id_d3cba168" ON "django_celery_beat_periodictask" ("crontab_id");
CREATE INDEX "django_celery_beat_periodictask_interval_id_a8ca27da" ON "django_celery_beat_periodictask" ("interval_id");
CREATE INDEX "django_celery_beat_periodictask_solar_id_a87ce72c" ON "django_celery_beat_periodictask" ("solar_id");
CREATE INDEX "django_celery_beat_periodictask_clocked_id_47a69f82" ON "django_celery_beat_periodictask" ("clocked_id");
CREATE INDEX "account_emailconfirmation_email_address_id_5b7f8c58" ON "account_emailconfirmation" ("email_address_id");
CREATE UNIQUE INDEX "account_emailaddress_user_id_email_987c8728_uniq" ON "account_emailaddress" ("user_id", "email");
CREATE UNIQUE INDEX "unique_verified_email" ON "account_emailaddress" ("email") WHERE "verified";
CREATE INDEX "account_emailaddress_user_id_2c513194" ON "account_emailaddress" ("user_id");
CREATE INDEX "account_emailaddress_email_03be32b2" ON "account_emailaddress" ("email");
CREATE UNIQUE INDEX "unique_primary_email" ON "account_emailaddress" ("user_id", "primary") WHERE "primary";
CREATE UNIQUE INDEX "socialaccount_socialapp_sites_socialapp_id_site_id_71a9a768_uniq" ON "socialaccount_socialapp_sites" ("socialapp_id", "site_id");
CREATE INDEX "socialaccount_socialapp_sites_socialapp_id_97fb6e7d" ON "socialaccount_socialapp_sites" ("socialapp_id");
CREATE INDEX "socialaccount_socialapp_sites_site_id_2579dee5" ON "socialaccount_socialapp_sites" ("site_id");
CREATE UNIQUE INDEX "socialaccount_socialtoken_app_id_account_id_fca4e0ac_uniq" ON "socialaccount_socialtoken" ("app_id", "account_id");
CREATE INDEX "socialaccount_socialtoken_account_id_951f210e" ON "socialaccount_socialtoken" ("account_id");
CREATE INDEX "socialaccount_socialtoken_app_id_636a42d7" ON "socialaccount_socialtoken" ("app_id");
CREATE UNIQUE INDEX "socialaccount_socialaccount_provider_uid_fc810c6e_uniq" ON "socialaccount_socialaccount" ("provider", "uid");
CREATE INDEX "socialaccount_socialaccount_user_id_8146e70c" ON "socialaccount_socialaccount" ("user_id");
COMMIT;
